calculate_MSE;calculate_RMSE;calculate_MAE;calculate_MAPE;r2;model
0.0036338150997046923;0.06028113386213544;0.029969780861428253;0.19553054087306762;0.9072578422857258;LSTM
