train/loss_epoch,epoch,step
0.0003058571892324835,98,49
0.0005609072395600379,98,99
0.0002400886151008308,98,149
0.0003008981584571302,98,199
0.0005960875423625112,98,249
0.00033574344706721604,98,299
5.8115583669859916e-05,98,349
0.00015895540127530694,98,399
