train|MSE,epoch,step
0.16756220161914825,0,49
0.06376791000366211,0,99
0.04056084528565407,0,149
0.029434360563755035,0,199
0.010971997864544392,0,249
0.004302430897951126,0,299
0.005818617530167103,0,349
